Id,Category
image_02306,41
image_06792,21
image_05094,2
image_02812,56
image_03737,37
image_05031,59
image_03286,8
image_08062,99
image_05441,54
image_04920,20
image_01589,82
image_07951,101
image_05277,28
image_06449,33
image_06697,79
image_05445,54
image_06416,9
image_01520,44
image_05237,28
image_02821,56
image_07545,95
image_00666,89
image_01968,80
image_03786,37
image_04829,91
image_05071,59
image_02523,76
image_04893,91
image_07148,45
image_00747,89
image_07755,98
image_02065,80
image_03993,51
image_04278,18
image_03223,65
image_00339,73
image_03193,65
image_01813,83
image_08177,62
image_04981,47
image_04264,18
image_00753,89
image_01916,78
image_03740,37
image_02742,58
image_06779,21
image_06948,34
image_07575,95
image_07288,37
image_01393,51
image_04037,12
image_08073,31
image_03478,30
image_00075,77
image_07192,6
image_02485,76
image_07177,6
image_06263,61
image_01121,46
image_02565,84
image_03687,53
image_03598,72
image_06412,9
image_00804,81
image_01484,51
image_05920,68
image_01521,44
image_07271,62
image_05745,13
image_03404,23
image_05421,54
image_07656,96
image_06152,19
image_03618,72
image_04889,91
image_05534,66
image_06035,93
image_08176,62
image_00594,88
image_02398,43
image_06104,64
image_00269,73
image_03774,37
image_01286,74
image_01643,82
image_00279,73
image_03855,17
image_04058,12
image_01947,78
image_01322,51
image_05589,32
image_03362,8
image_02858,56
image_03865,17
image_06173,19
image_06128,64
image_01112,46
image_00874,81
image_01226,74
image_03352,8
image_04522,71
image_07580,95
image_00487,88
image_04102,29
image_07795,98
image_04615,40
image_00904,81
image_07082,67
image_05325,70
image_06342,50
image_06068,14
image_01525,44
image_01936,78
image_06582,25
image_07346,94
image_05606,32
image_02128,75
image_06600,25
image_06084,14
image_06920,31
image_02981,60
image_03906,17
image_02326,43
image_05964,69
image_02928,60
image_04056,12
image_00716,89
image_02711,58
image_05202,5
image_00957,46
image_07571,95
image_05180,5
image_04704,55
image_01924,78
image_05617,32
image_01775,83
image_04850,91
image_05363,22
image_00266,73
image_01741,83
image_06687,16
image_05294,70
image_01301,74
image_05423,54
image_04919,20
image_02344,43
image_01193,74
image_01682,82
image_04975,47
image_00947,46
image_07201,7
image_00429,73
image_01861,78
image_06791,21
image_00356,73
image_05271,28
image_04428,90
image_03733,53
image_05546,66
image_01025,46
image_00218,77
image_04116,29
image_07168,6
image_06479,33
image_07328,94
image_06075,14
image_03469,30
image_03414,23
image_02635,84
image_02290,41
image_05526,66
image_06328,50
image_03785,37
image_03340,8
image_01941,78
image_01624,82
image_07255,57
image_01127,46
image_00603,89
image_07136,45
image_01817,83
image_06168,19
image_02750,58
image_07474,95
image_01113,46
image_06561,50
image_02000,80
image_01994,80
image_00394,73
image_02884,86
image_07149,45
image_00101,77
image_07624,96
image_06469,33
image_03344,8
image_05391,22
image_07689,97
image_03376,23
image_08086,35
image_04750,55
image_04665,48
image_06635,3
image_05215,28
image_04556,71
image_03120,11
image_07258,57
image_05377,22
image_05607,32
image_06061,14
image_05869,63
image_01894,78
image_07422,94
image_01202,74
image_02665,58
image_03178,11
image_06179,19
image_05805,38
image_01655,82
image_02174,75
image_02636,84
image_02608,84
image_00451,88
image_03842,17
image_02058,80
image_02622,84
image_00546,88
image_00261,73
image_03377,23
image_02010,80
image_07139,45
image_01863,78
image_04079,12
image_03631,72
image_01059,46
image_05586,32
image_07750,97
image_01062,46
image_03565,72
image_04815,85
image_07026,39
image_04321,18
image_01860,78
image_01864,78
image_03886,17
image_05495,87
image_01374,51
image_00589,88
image_01889,78
image_02334,43
image_07986,101
image_04726,55
image_02974,60
image_06041,93
image_05194,5
image_03102,11
image_00681,89
image_03792,37
image_05840,38
image_06604,25
image_05673,4
image_07856,99
image_03897,17
image_06746,1
image_02316,43
image_05522,87
image_06351,15
image_04258,18
image_05084,59
image_06138,64
image_06913,31
image_07875,99
image_00056,77
image_07998,101
image_05789,13
image_04620,40
image_02737,58
image_07116,10
image_00054,77
image_06502,26
image_01688,82
image_04662,48
image_01854,78
image_03153,11
image_03385,23
image_02314,41
image_07262,57
image_00533,88
image_02793,56
image_07539,95
image_04438,90
image_02735,58
image_07247,57
image_05121,2
image_06833,24
image_05604,32
image_05647,4
image_04300,18
image_03245,65
image_06486,33
image_02675,58
image_07131,45
image_02959,60
image_04202,52
image_01895,78
image_02059,80
image_08180,62
image_03965,51
image_00740,89
image_03490,30
image_01951,78
image_06783,21
image_06026,93
image_00553,88
image_07127,45
image_02524,76
image_06145,64
image_00272,73
image_07374,94
image_07155,45
image_06271,61
image_00701,89
image_01537,44
image_06462,33
image_00687,89
image_06810,21
image_03016,60
image_07410,94
image_03862,17
image_07868,99
image_00118,77
image_03936,51
image_03280,65
image_03562,72
image_02733,58
image_06858,27
image_06584,25
image_05449,54
image_02557,84
image_05719,42
image_01929,78
image_00721,89
image_01979,80
image_06353,15
image_02607,84
image_03525,30
image_04958,47
image_00347,73
image_01940,78
image_00924,81
image_06408,9
image_06434,9
image_00817,81
image_01804,83
image_01419,51
image_00745,89
image_01608,82
image_02732,58
image_01862,78
image_01887,78
image_00811,81
image_07159,45
image_02721,58
image_00360,73
image_02751,58
image_07648,96
image_04659,48
image_03777,37
image_08046,102
image_03283,65
image_06935,34
image_00164,77
image_01481,51
image_01524,44
image_03803,37
image_01257,74
image_03809,37
image_04577,40
image_05569,66
image_03361,8
image_01823,83
image_04448,90
image_03674,53
image_02452,76
image_05284,70
image_07985,101
image_01475,51
image_02772,56
image_05619,32
image_04331,36
image_01033,46
image_04141,29
image_06136,64
image_07863,99
image_04407,90
image_04226,52
image_04528,71
image_05709,42
image_04364,36
image_06164,19
image_08051,24
image_03540,30
image_06123,64
image_07638,96
image_02256,41
image_05639,4
image_04259,18
image_03607,72
image_01056,46
image_04199,52
image_01179,74
image_02115,75
image_05592,32
image_02079,75
image_02419,43
image_06140,64
image_04696,55
image_02270,41
image_04447,90
image_05590,32
image_05283,70
image_02601,84
image_00815,81
image_02933,60
image_07294,37
image_02779,56
image_02388,43
image_08129,57
image_00105,77
image_01977,80
image_03692,53
image_00540,88
image_07976,101
image_04327,36
image_02214,41
image_00523,88
image_05860,63
image_00733,89
image_06713,79
image_07098,10
image_03882,17
image_01086,46
image_04998,47
image_06407,9
image_03586,72
image_05544,66
image_05447,54
image_00530,88
image_02893,86
image_05473,87
image_00024,77
image_00009,77
image_03263,65
image_03188,65
image_07569,95
image_05853,63
image_05623,32
image_07692,97
image_06102,64
image_00773,89
image_03166,11
image_06090,14
image_03925,51
image_06761,1
image_00798,81
image_05282,70
image_02340,43
image_05667,4
image_05883,63
image_01974,80
image_05105,2
image_05211,5
image_05769,13
image_00350,73
image_08155,62
image_05188,5
image_07524,95
image_07117,10
image_06027,93
image_00529,88
image_00489,88
image_00667,89
image_02561,84
image_01752,83
image_02276,41
image_01191,74
image_05158,5
image_07489,95
image_02822,56
image_06393,15
image_07499,95
image_02006,80
image_03271,65
image_01536,44
image_00700,89
image_04702,55
image_01532,44
image_04912,20
image_02551,76
image_00440,73
image_02716,58
image_00812,81
image_01167,74
image_01427,51
image_05477,87
image_03653,53
image_05033,59
image_05101,2
image_06645,3
image_04841,91
image_02472,76
image_04286,18
image_06463,33
image_03899,17
image_05362,22
image_04869,91
image_05685,42
image_06067,14
image_00224,77
image_05080,59
image_03294,8
image_05942,68
image_03872,17
image_00263,73
image_05560,66
image_02674,58
image_04535,71
image_08096,10
image_06800,21
image_00942,81
image_03748,37
image_02639,58
image_00792,81
image_00767,89
image_01250,74
image_05723,42
image_06303,50
image_01627,82
image_06039,93
image_04275,18
image_00340,73
image_03831,17
image_01146,74
image_05554,66
image_00726,89
image_07770,98
image_06085,14
image_02171,75
image_05047,59
image_06307,50
image_03677,53
image_07103,10
image_05816,38
image_07990,101
image_06135,64
image_06626,3
image_06840,24
image_00958,46
image_04274,18
image_06316,50
image_01927,78
image_05025,59
image_04047,12
image_00028,77
image_07405,94
image_01333,51
image_01944,78
image_05628,32
image_02973,60
image_06970,35
image_04825,85
image_05671,4
image_01531,44
image_01757,83
image_02470,76
image_00092,77
image_04641,48
image_04064,12
image_02727,58
image_01109,46
image_06458,33
image_01078,46
image_03141,11
image_05353,22
image_06957,34
image_00004,77
image_00856,81
image_05888,63
image_01338,51
image_08162,62
image_06880,27
image_02175,75
image_02515,76
image_05019,47
image_02764,56
image_04372,36
image_00876,81
image_03507,30
image_00167,77
image_01899,78
image_07885,99
image_07935,100
image_03594,72
image_02580,84
image_03468,30
image_04117,29
image_01776,83
image_05295,70
image_06830,24
image_05201,5
image_03431,23
image_05307,70
image_07605,96
image_03857,17
image_07005,35
image_00799,81
image_05435,54
image_00724,89
image_02689,58
image_00205,77
image_02527,76
image_07745,97
image_06579,25
image_00414,73
image_07316,94
image_00331,73
image_07964,101
image_06050,14
image_07347,94
image_02528,76
image_02363,43
image_04445,90
image_06159,19
image_06676,16
image_00132,77
image_07343,94
image_05712,42
image_01395,51
image_08102,7
image_01489,51
image_07263,57
image_06006,69
image_03713,53
image_05629,4
image_00919,81
image_06086,14
image_05484,87
image_04836,91
image_02989,60
image_00282,73
image_00450,88
image_00961,46
image_06572,25
image_02031,80
image_03501,30
image_04922,20
image_04369,36
image_03736,37
image_04716,55
image_02033,80
image_03761,37
image_05397,22
image_03038,92
image_05437,54
image_06363,15
image_00980,46
image_00648,89
image_05085,59
image_02707,58
image_01551,44
image_05692,42
image_07272,62
image_00146,77
image_01626,82
image_07967,101
image_01073,46
image_06444,33
image_04011,12
image_05343,22
image_05548,66
image_03564,72
image_06260,61
image_01277,74
image_03608,72
image_02104,75
image_06459,33
image_06863,27
image_07015,39
image_07442,94
image_00880,81
image_00135,77
image_02062,80
image_00889,81
image_04699,55
image_01485,51
image_07071,67
image_01827,78
image_02520,76
image_06499,26
image_01630,82
image_06453,33
image_07034,39
image_04574,40
image_04412,90
image_02341,43
image_06419,9
image_08029,102
image_04993,47
image_07662,96
image_06558,50
image_03813,37
image_01904,78
image_01705,83
image_01368,51
image_03010,60
image_04386,36
image_06947,34
image_01096,46
image_00822,81
image_04173,52
image_04892,91
image_05344,22
image_02740,58
image_06872,27
image_00834,81
image_03006,60
image_01876,78
image_05451,54
image_02432,43
image_04755,55
image_03575,72
image_04840,91
image_04127,29
image_05249,28
image_03852,17
image_04148,29
image_05681,4
image_04611,40
image_01591,82
image_05302,70
image_01984,80
image_02390,43
image_07061,67
image_02931,60
image_07830,98
image_03759,37
image_06749,1
image_05227,28
image_07008,39
image_07790,98
image_07464,94
image_02088,75
image_08030,102
image_00209,77
image_02952,60
image_04684,48
image_03399,23
image_03284,8
image_04341,36
image_02615,84
image_04972,47
image_04845,91
image_05892,63
image_05000,47
image_01687,82
image_03098,11
image_03251,65
image_07895,100
image_05054,59
image_01077,46
image_00932,81
image_02919,86
image_05659,4
image_00198,77
image_02090,75
image_03612,72
image_05683,4
image_00319,73
image_01443,51
image_04791,85
image_07381,94
image_02537,76
image_00907,81
image_05768,13
image_07894,100
image_05721,42
image_02948,60
image_00776,89
image_03520,30
image_04938,20
image_07563,95
image_07702,97
image_00007,77
image_00870,81
image_01094,46
image_06700,79
image_01713,83
image_00963,46
image_07389,94
image_05991,69
image_01712,83
image_07264,57
image_01220,74
image_02757,56
image_00390,73
image_01119,46
image_04119,29
image_03236,65
image_06532,50
image_06371,15
image_02773,56
image_06780,21
image_08164,62
image_03389,23
image_02644,58
image_03005,60
image_07773,98
image_05907,68
image_07506,95
image_00027,77
image_06951,34
image_07728,97
image_01737,83
image_04043,12
image_04939,20
image_05651,4
image_03898,17
image_05328,70
image_07802,98
image_06485,33
image_03940,51
image_00077,77
image_06072,14
image_00313,73
image_05977,69
image_06156,19
image_06332,50
image_06294,61
image_07231,7
image_00083,77
image_03417,23
image_06476,33
image_03225,65
image_03749,37
image_03549,72
image_05428,54
image_04606,40
image_05694,42
image_02834,56
image_02706,58
image_02726,58
image_00298,73
image_00929,81
image_02364,43
image_04171,52
image_07020,39
image_03442,23
image_08027,102
image_01184,74
image_02349,43
image_00169,77
image_01967,80
image_06346,15
image_02663,58
image_01093,46
image_01432,51
image_00222,77
image_04132,29
image_06266,61
image_04290,18
image_01850,78
image_01283,74
image_07483,95
image_04108,29
image_06866,27
image_04129,29
image_07625,96
image_05233,28
image_00152,77
image_03080,92
image_07703,97
image_03877,17
image_02093,75
image_00504,88
image_01445,51
image_06879,27
image_04913,20
image_06990,35
image_06016,93
image_07478,95
image_08011,102
image_07411,94
image_01831,78
image_00262,73
image_06784,21
image_07300,90
image_03329,8
image_07786,98
image_06804,21
image_00514,88
image_02083,75
image_08121,57
image_02555,84
image_04745,55
image_00376,73
image_04627,48
image_02315,41
image_03172,11
image_06230,49
image_00948,46
image_04441,90
image_03528,30
image_07342,94
image_02814,56
image_03530,30
image_06341,50
image_03253,65
image_03369,23
image_03334,8
image_06091,14
image_07175,6
image_00997,46
image_01665,82
image_04944,20
image_05976,69
image_05297,70
image_04359,36
image_02165,75
image_04455,90
image_02899,86
image_05439,54
image_04494,71
image_02193,41
image_06206,49
image_07825,98
image_04342,36
image_03768,37
image_02584,84
image_01036,46
image_03574,72
image_01111,46
image_00314,73
image_01715,83
image_02242,41
image_01498,44
image_00650,89
image_00725,89
image_05568,66
image_04516,71
image_02249,41
image_02228,41
image_03819,37
image_01438,51
image_02588,84
image_06105,64
image_02507,76
image_00234,77
image_00059,77
image_03656,53
image_00808,81
image_06649,3
image_01060,46
image_04784,85
image_02932,60
image_06313,50
image_06369,15
image_04490,71
image_03460,30
image_03787,37
image_08153,62
image_02140,75
image_06684,16
image_04722,55
image_07287,37
image_03848,17
image_04590,40
image_06109,64
image_07926,100
image_04756,55
image_05669,4
image_03372,23
image_01760,83
image_04021,12
image_01836,78
image_01478,51
image_01237,74
image_06207,49
image_04712,55
image_01832,78
image_05190,5
image_05254,28
image_02218,41
image_06543,50
image_06325,50
image_08168,62
image_04847,91
image_03449,23
image_05625,32
image_01511,44
image_00951,46
image_06428,9
image_07763,98
image_07420,94
image_01742,83
image_05657,4
image_03298,8
image_01267,74
image_01519,44
image_01092,46
image_03751,37
image_07289,37
image_08152,62
image_07914,100
image_04433,90
image_06972,35
image_02141,75
image_02164,75
image_00141,77
image_00742,89
image_03585,72
image_01207,74
image_03383,23
image_00841,81
image_04444,90
image_06979,35
image_07344,94
image_00571,88
image_05784,13
image_05928,68
image_04481,71
image_06253,61
image_02441,43
image_03337,8
image_04931,20
image_00424,73
image_01198,74
image_01569,44
image_04423,90
image_01341,51
image_05118,2
image_06137,64
image_01104,46
image_06154,19
image_04250,18
image_03832,17
image_01464,51
image_06366,15
image_06741,1
image_06999,35
image_06559,50
image_00012,77
image_03942,51
image_07933,100
image_07922,100
image_01397,51
image_02132,75
image_02458,76
image_03826,37
image_06985,35
image_05154,5
image_06452,33
image_02529,76
image_03660,53
image_06959,34
image_07349,94
image_04205,52
image_07683,96
image_02782,56
image_04224,52
image_01685,82
image_07711,97
image_07029,39
image_00974,46
image_00422,73
image_04254,18
image_01555,44
image_02887,86
image_07297,37
image_05832,38
image_07092,10
image_03432,23
image_04213,52
image_04809,85
image_04442,90
image_06020,93
image_06743,1
image_01694,82
image_02986,60
image_00900,81
image_05820,38
image_03379,23
image_06815,24
image_01420,51
image_01153,74
image_05424,54
image_02057,80
image_07169,6
image_05134,2
image_07824,98
image_02333,43
image_07019,39
image_06962,34
image_06619,3
image_01428,51
image_02310,41
image_00400,73
image_01334,51
image_03151,11
image_00830,81
image_00917,81
image_07880,99
image_05077,59
image_02589,84
image_03493,30
image_02094,75
image_01777,83
image_05572,66
image_00987,46
image_01329,51
image_06362,15
image_02781,56
image_04381,36
image_01901,78
image_04805,85
image_02072,75
image_01272,74
image_01639,82
image_03387,23
image_03676,53
image_05149,5
image_01556,44
image_05843,38
image_00866,81
image_01986,80
image_08017,102
image_08143,57
image_00920,81
image_06611,25
image_03903,17
image_06650,3
image_06786,21
image_03729,53
image_02787,56
image_07433,94
image_06714,79
image_05145,2
image_04757,55
image_06992,35
image_03662,53
image_04316,18
image_07561,95
image_07341,94
image_00818,81
image_04488,71
image_05434,54
image_04563,40
image_07730,97
image_04630,48
image_07276,62
image_02183,75
image_00735,89
image_01411,51
image_05340,22
image_07312,94
image_01380,51
image_05949,68
image_01802,83
image_07123,45
image_01190,74
image_03916,51
image_05316,70
image_02456,76
image_00302,73
image_01748,83
image_02937,60
image_04501,71
image_06724,79
image_01666,82
image_02139,75
image_05321,70
image_05300,70
image_02581,84
image_04642,48
image_07472,95
image_05926,68
image_03988,51
image_06078,14
image_06997,35
image_06675,16
image_01708,83
image_00768,89
image_00432,73
image_01701,83
image_04440,90
image_02653,58
image_05624,32
image_01072,46
image_05644,4
image_03793,37
image_02803,56
image_05106,2
image_03246,65
image_01151,74
image_03446,23
image_04314,18
image_06334,50
image_01004,46
image_00435,73
image_05555,66
image_06628,3
image_04378,36
image_04786,85
image_03969,51
image_04324,18
image_02002,80
image_07373,94
image_05088,2
image_06836,24
image_01799,83
image_06382,15
image_02120,75
image_04978,47
image_01588,82
image_03140,11
image_02146,75
image_01846,78
image_03310,8
image_06144,64
image_06274,61
image_03281,65
image_07110,10
image_05017,47
image_07454,94
image_02960,60
image_00352,73
image_03416,23
image_05323,70
image_01018,46
image_03657,53
image_02034,80
image_02657,58
image_03968,51
image_01103,46
image_05459,54
image_05113,2
image_08126,57
image_05757,13
image_04616,40
image_01048,46
image_04426,90
image_04558,40
image_05155,5
image_07631,96
image_07010,39
image_05774,13
image_02291,41
image_02734,58
image_08000,102
image_06155,19
image_07520,95
image_02791,56
image_04709,55
image_02213,41
image_07982,101
image_00686,89
image_07460,94
image_02563,84
image_01702,83
image_00868,81
image_00852,81
image_02833,56
image_00893,81
image_06566,50
image_08043,102
image_05095,2
image_06000,69
image_02173,75
image_05973,69
image_06586,25
image_07940,100
image_07907,100
image_03800,37
image_03066,92
image_01545,44
image_06283,61
image_05498,87
image_06301,50
image_04295,18
image_05038,59
image_05841,38
image_03989,51
image_07161,45
image_03781,37
image_08079,67
image_04198,52
image_00985,46
image_04348,36
image_03238,65
image_04487,71
image_03424,23
image_08142,57
image_04034,12
image_05304,70
image_00423,73
image_00511,88
image_04667,48
image_01829,78
image_03455,23
image_03274,65
image_02651,58
image_05175,5
image_06625,3
image_04901,20
image_04534,71
image_05513,87
image_04485,71
image_04947,20
image_05995,69
image_01316,51
image_07666,96
image_06119,64
image_07090,10
image_06454,33
image_05029,59
image_06620,3
image_05814,38
image_03434,23
image_07336,94
image_04491,71
image_06223,49
image_06708,79
image_04080,12
image_04143,29
image_04934,20
image_00346,73
image_02167,75
image_02698,58
image_06343,50
image_05578,66
image_00794,81
image_01942,78
image_02223,41
image_06213,49
image_03638,72
image_06906,31
image_00439,73
image_03835,17
image_06509,26
image_04964,47
image_00130,77
image_05782,13
image_07547,95
image_03027,60
image_07040,39
image_05385,22
image_01071,46
image_06950,34
image_07228,7
image_08085,35
image_02632,84
image_03569,72
image_01809,83
image_01208,74
image_00238,77
image_05771,13
image_02353,43
image_08113,93
image_03717,53
image_08112,93
image_07931,100
image_03008,60
image_06291,61
image_00977,46
image_06208,49
image_03481,30
image_06954,34
image_05500,87
image_01254,74
image_02784,56
image_01912,78
image_01814,83
image_05538,66
image_07180,6
image_00286,73
image_07721,97
image_01546,44
image_00704,89
image_04039,12
image_01450,51
image_00370,73
image_00527,88
image_04262,18
image_07074,67
image_04812,85
image_05950,68
image_03101,11
image_01320,51
image_07245,57
image_05915,68
image_01373,51
image_06723,79
image_06548,50
image_01966,80
image_02848,56
image_02910,86
image_02468,76
image_05162,5
image_03058,92
image_02378,43
image_03941,51
image_02998,60
image_00543,88
image_06433,9
image_02426,43
image_04768,85
image_02272,41
image_04546,71
image_01371,51
image_07480,95
image_08038,102
image_04878,91
image_00375,73
image_03701,53
image_00293,73
image_01898,78
image_00784,81
image_03769,37
image_05489,87
image_00712,89
image_00445,73
image_05515,87
image_05103,2
image_03167,11
image_02075,75
image_07145,45
image_07118,10
image_06378,15
image_02192,41
image_07125,45
image_03275,65
image_02269,41
image_06356,15
image_00045,77
image_00661,89
image_03317,8
image_07219,7
image_04553,71
image_01736,83
image_00607,89
image_06130,64
image_00763,89
image_05212,28
image_05672,4
image_01582,44
image_03845,17
image_05601,32
image_07223,7
image_06607,25
image_05764,13
image_05857,63
image_02320,43
image_00476,88
image_01600,82
image_00706,89
image_01453,51
image_04107,29
image_05382,22
image_00420,73
image_05014,47
image_00113,77
image_03535,30
image_06411,9
image_04971,47
image_07675,96
image_07058,67
image_05301,70
image_02570,84
image_05386,22
image_01999,80
image_03060,92
image_04689,48
image_05399,54
image_04601,40
image_02927,60
image_06095,14
image_06627,3
image_08115,93
image_04670,48
image_06669,16
image_04801,85
image_04650,48
image_01130,46
image_07124,45
image_01158,74
image_06750,1
image_07221,7
image_04396,36
image_07591,95
image_01707,83
image_07891,99
image_06722,79
image_04234,52
image_02603,84
image_00816,81
image_05787,13
image_03558,72
image_00349,73
image_00576,88
image_01265,74
image_00196,77
image_06945,34
image_06526,26
image_03694,53
image_00679,89
image_00626,89
image_02331,43
image_07646,96
image_02430,43
image_06092,14
image_01884,78
image_01908,78
image_02187,75
image_04626,48
image_03710,53
image_01102,46
image_04720,55
image_07668,96
image_07959,101
image_06537,50
image_06719,79
image_01657,82
image_00736,89
image_00315,73
image_03711,53
image_07496,95
image_07715,97
image_03816,37
image_03335,8
image_06988,35
image_06710,79
image_07450,94
image_07377,94
image_02564,84
image_03873,17
image_06139,64
image_01180,74
image_06994,35
image_01601,82
image_06199,49
image_06653,16
image_03924,51
image_07983,101
image_04525,71
image_03604,72
image_06170,19
image_05731,42
image_00397,73
image_06450,33
image_07331,94
image_01781,83
image_05067,59
image_07966,101
image_05613,32
image_01037,46
image_03863,17
image_07205,7
image_07649,96
image_01364,51
image_02836,56
image_01131,46
image_01218,74
image_03947,51
image_00358,73
image_04711,55
image_07594,96
image_03301,8
image_00248,77
image_06511,26
image_03971,51
image_03103,11
image_05098,2
image_03605,72
image_00579,88
image_01838,78
image_06042,93
image_05361,22
image_01706,83
image_06961,34
image_01858,78
image_00855,81
image_03494,30
image_00914,81
image_08186,62
image_01046,46
image_03633,72
image_07659,96
image_03401,23
image_03026,60
image_03122,11
image_01020,46
image_05049,59
image_02579,84
image_02678,58
image_00998,46
image_01433,51
image_02362,43
image_01436,51
image_05465,87
image_07954,101
image_04736,55
image_02113,75
image_05642,4
image_06443,33
image_02624,84
image_04969,47
image_04710,55
image_01088,46
image_05280,70
image_05751,13
image_00466,88
image_01786,83
image_06300,50
image_01558,44
image_01117,46
image_07688,97
image_03871,17
image_01123,46
image_05954,68
image_04142,29
image_06808,21
image_02767,56
image_06686,16
image_00037,77
image_01307,74
image_05596,32
image_07173,6
image_05752,13
image_05487,87
image_07105,10
image_07249,57
image_04663,48
image_04493,71
image_00243,77
image_01634,82
image_07488,95
image_06235,49
image_03602,72
image_05686,42
image_04698,55
image_05002,47
image_03287,8
image_01632,82
image_00114,77
image_05882,63
image_05742,42
image_00986,46
image_06488,26
image_02252,41
image_01856,78
image_01183,74
image_06392,15
image_06447,33
image_04609,40
image_00651,89
image_00778,89
image_05987,69
image_03695,53
image_01326,51
image_03396,23
image_01963,78
image_01027,46
image_07722,97
image_00877,81
image_01081,46
image_06012,93
image_00971,46
image_03526,30
image_07348,94
image_04361,36
image_01930,78
image_02067,80
image_05678,4
image_05689,42
image_05186,5
image_06295,61
image_06557,50
image_02330,43
image_04419,90
image_06030,93
image_01407,51
image_05090,2
image_06160,19
image_05896,63
image_05854,63
image_01920,78
image_06385,15
image_07820,98
image_05102,2
image_03400,23
image_06446,33
image_04468,90
image_06337,50
image_04303,18
image_06065,14
image_01161,74
image_06357,15
image_05395,22
image_04896,91
image_04160,52
image_04363,36
image_07783,98
image_06011,93
image_04147,29
image_06691,16
image_07873,99
image_04166,52
image_08117,93
image_02709,58
image_02450,76
image_06939,34
image_01176,74
image_00512,88
image_03926,51
image_00522,88
image_05595,32
image_02195,41
image_04510,71
image_07416,94
image_03465,30
image_00179,77
image_03256,65
image_00826,81
image_04232,52
image_05146,2
image_02964,60
image_03937,51
image_00878,81
image_01566,44
image_06902,31
image_02013,80
image_07326,94
image_02586,84
image_04533,71
image_05603,32
image_07572,95
image_07282,62
image_06451,33
image_05743,42
image_04025,12
image_05124,2
image_07382,94
image_07968,101
image_07762,98
image_05408,54
image_04242,52
image_02380,43
image_04318,18
image_00863,81
image_02917,86
image_03545,72
image_05732,42
image_05785,13
image_04371,36
image_04660,48
image_05850,63
image_07441,94
image_07955,101
image_02654,58
image_04083,29
image_07106,10
image_06290,61
image_04340,36
image_03196,65
image_05417,54
image_04185,52
image_04151,29
image_05943,68
image_05260,28
image_01716,83
image_07163,6
image_04992,47
image_04994,47
image_06733,79
image_02876,86
image_01454,51
image_06677,16
image_02903,86
image_00354,73
image_04282,18
image_00550,88
image_02263,41
image_05958,69
image_01423,51
image_04133,29
image_02816,56
image_00875,81
image_02963,60
image_03473,30
image_00180,77
image_01541,44
image_07296,37
image_05203,5
image_05645,4
image_05509,87
image_06278,61
image_04798,85
image_04413,90
image_00992,46
image_07493,95
image_01680,82
image_02061,80
image_04923,20
image_07749,97
image_05909,68
image_02385,43
image_01754,83
image_00750,89
image_04029,12
image_04137,29
image_00774,89
image_06504,26
image_06320,50
image_07744,97
image_05756,13
image_03142,11
image_07892,99
image_07388,94
image_00558,88
image_05170,5
image_05829,38
image_04313,18
image_01424,51
image_06355,15
image_02857,56
image_07595,96
image_03721,53
image_06284,61
image_01818,83
image_00819,81
image_04753,55
image_01668,82
image_03833,17
image_07150,45
image_07925,100
image_07645,96
image_04911,20
image_03669,53
image_03732,53
image_03130,11
image_03450,23
image_07978,101
image_03327,8
image_06391,15
image_00093,77
image_04509,71
image_01656,82
image_02205,41
image_03776,37
image_01772,83
image_03354,8
image_01993,80
image_07651,96
image_04700,55
image_04618,40
image_07738,97
image_02136,75
image_00299,73
image_00207,77
image_07920,100
image_00539,88
image_07741,97
image_06513,26
image_01725,83
image_06720,79
image_06796,21
image_05461,87
image_03619,72
image_03386,23
image_07188,6
image_03999,12
image_03418,23
image_01518,44
image_06704,79
image_07107,10
image_00890,81
image_03782,37
image_07696,97
image_06413,9
image_03991,51
image_04952,20
image_00734,89
image_01140,46
image_02329,43
image_03743,37
image_04120,29
image_03998,12
image_03935,51
image_01350,51
image_07203,7
image_00178,77
image_07444,94
image_03802,37
image_04229,52
image_00102,77
image_00127,77
image_04988,47
image_02134,75
image_07746,97
image_02705,58
image_06297,50
image_06940,34
image_07012,39
image_00069,77
image_02936,60
image_03304,8
image_06915,31
image_04406,90
image_07102,10
image_06565,50
image_00738,89
image_05426,54
image_07274,62
image_06862,27
image_01770,83
image_01386,51
image_01743,83
image_03779,37
image_04941,20
image_04930,20
image_03457,23
image_00582,88
image_01100,46
image_06851,27
image_07436,94
image_05801,38
image_07211,7
image_04319,18
image_05051,59
image_07958,101
image_03587,72
image_02745,58
image_00979,46
image_05849,63
image_08022,102
image_03491,30
image_05913,68
image_02260,41
image_03954,51
image_01178,74
image_03843,17
image_05875,63
image_05795,38
image_01761,83
image_03231,65
image_02483,76
image_05918,68
image_07243,57
image_02096,75
image_07509,95
image_03647,53
image_03106,11
image_02284,41
image_04220,52
image_05594,32
image_00073,77
image_08067,31
image_04062,12
image_01653,82
image_03209,65
image_03055,92
image_01806,83
image_06876,27
image_05519,87
image_02610,84
image_07905,100
image_06439,9
image_06575,25
image_08035,102
image_03375,23
image_01258,74
image_06844,24
image_00741,89
image_05185,5
image_06734,1
image_07087,10
image_05481,87
image_02267,41
image_03324,8
image_06551,50
image_04559,40
image_06200,49
image_06277,61
image_01221,74
image_02351,43
image_07359,94
image_03887,17
image_05575,66
image_01143,74
image_07451,94
image_03934,51
image_00821,81
image_07716,97
image_06976,35
image_04075,12
image_04346,36
image_05416,54
image_07044,39
image_00693,89
image_07845,99
image_01879,78
image_04193,52
image_01212,74
image_02604,84
image_01471,51
image_02151,75
image_03919,51
image_05711,42
image_05078,59
image_07681,96
image_01132,46
image_02702,58
image_04858,91
image_03825,37
image_05279,70
image_03584,72
image_06622,3
image_03502,30
image_04780,85
image_07999,101
image_04263,18
image_00689,89
image_02618,84
image_01325,51
image_01888,78
image_02991,60
image_01841,78
image_05223,28
image_07250,57
image_05189,5
image_03203,65
image_05988,69
image_03689,53
image_01328,51
image_00719,89
image_05144,2
image_05179,5
image_04949,20
image_01150,74
image_01181,74
image_01797,83
image_01892,78
image_04733,55
image_08094,10
image_01148,74
image_01331,51
image_03107,11
image_04434,90
image_06270,61
image_03321,8
image_06448,33
image_02686,58
image_08065,31
image_05320,70
image_06397,9
image_07771,98
image_06857,27
image_02940,60
image_02758,56
image_02839,56
image_07467,95
image_02389,43
image_07085,67
image_05931,68
image_00845,81
image_04760,55
image_01703,83
image_00010,77
image_07013,39
image_03218,65
image_05631,4
image_06250,61
image_01361,51
image_06233,49
image_06852,27
image_02929,60
image_05581,66
image_05224,28
image_05863,63
image_05012,47
image_04603,40
image_02765,56
image_05961,69
image_03823,37
image_06161,19
image_01016,46
image_07073,67
image_03623,72
image_05662,4
image_00407,73
image_05079,59
image_06981,35
image_04103,29
image_04078,12
image_00899,81
image_06099,64
image_02413,43
image_03503,30
image_03470,30
image_04329,36
image_00468,88
image_05626,32
image_01412,51
image_06958,34
image_05640,4
image_06576,25
image_01873,78
image_07590,95
image_05099,2
image_02908,86
image_08144,57
image_02785,56
image_00242,77
image_04991,47
image_05165,5
image_03861,17
image_03410,23
image_01270,74
image_05347,22
image_07293,37
image_02177,75
image_06986,35
image_05505,87
image_02439,43
image_04180,52
image_01709,83
image_03435,23
image_06053,14
image_04512,71
image_02500,76
image_05725,42
image_04545,71
image_03731,53
image_04041,12
image_02647,58
image_06841,24
image_02346,43
image_07815,98
image_05831,38
image_03054,92
image_07835,99
image_03537,30
image_04333,36
image_05043,59
image_01290,74
image_07059,67
image_04325,18
image_08036,102
image_06924,31
image_07207,7
image_00231,77
image_00040,77
image_05727,42
image_04091,29
image_00246,77
image_07053,67
image_00385,73
image_01012,46
image_02018,80
image_06918,31
image_07394,94
image_08182,62
image_06345,50
image_00232,77
image_02189,41
image_06877,27
image_03487,30
image_01125,46
image_03127,11
image_04908,20
image_04179,52
image_04023,12
image_06182,19
image_01991,80
image_00908,81
image_06057,14
image_06183,19
image_08044,102
image_02417,43
image_07779,98
image_04640,48
image_07197,6
image_07368,94
image_07083,67
image_05228,28
image_07560,95
image_00441,73
image_01985,80
image_04863,91
image_02152,75
image_05429,54
image_03895,17
image_01658,82
image_07462,94
image_01961,78
image_04469,90
image_08100,7
image_01905,78
image_02427,43
image_05695,42
image_05521,87
image_06901,31
image_02506,76
image_01348,51
image_04622,40
image_05880,63
image_06941,34
image_04009,12
image_08183,62
image_01295,74
image_04269,18
image_03366,8
image_03451,23
image_05793,38
image_07919,100
image_03194,65
image_01467,51
image_04562,40
image_00099,77
image_02409,43
image_03621,72
image_03879,17
image_04414,90
image_05068,59
image_05516,87
image_01522,44
image_02703,58
image_02807,56
image_02247,41
image_01959,78
image_00668,89
image_03039,92
image_00715,89
image_00379,73
image_05887,63
image_06133,64
image_04787,85
image_03439,23
image_05767,13
image_00592,88
image_02840,56
image_03963,51
image_00264,73
image_07265,57
image_03447,23
image_04152,29
image_03509,30
image_01728,83
image_07179,6
image_02012,80
image_07302,93
image_03173,11
image_06437,9
image_05957,69
image_01710,83
image_03089,92
image_05066,59
image_03128,11
image_01758,83
image_01082,46
image_01842,78
image_03029,92
image_00381,73
image_00142,77
image_01327,51
image_05028,59
image_05810,38
image_07577,95
image_02054,80
image_01611,82
image_01323,51
image_07798,98
image_06960,34
image_05733,42
image_07600,96
image_06070,14
image_03888,17
image_01641,82
image_01269,74
image_01955,78
image_07232,7
image_06365,15
image_04022,12
image_07714,97
image_03760,37
image_05057,59
image_05710,42
image_00978,46
image_07398,94
image_00122,77
image_04899,20
image_06878,27
image_03073,92
image_05632,4
image_00912,81
image_05306,70
image_01317,51
image_03542,30
image_01755,83
image_05432,54
image_00481,88
image_02368,43
image_02829,56
image_03753,37
image_02030,80
image_07663,96
image_03953,51
image_06098,64
image_02577,84
image_03059,92
image_02843,56
image_06835,24
image_02455,76
image_01321,51
image_07538,95
image_03797,37
image_03532,30
image_01189,74
image_04443,90
image_03841,17
image_08084,35
image_06937,34
image_04658,48
image_03233,65
image_00308,73
image_02443,43
image_01675,82
image_03195,65
image_00551,88
image_05287,70
image_06338,50
image_02137,75
image_03160,11
image_05911,68
image_01171,74
image_03351,8
image_01357,51
image_02328,43
image_01853,78
image_08123,57
image_01820,83
image_07994,101
image_02801,56
image_03436,23
image_05393,22
image_02746,58
image_05543,66
image_03440,23
image_01418,51
image_05983,69
image_01203,74
image_06015,93
image_00388,73
image_08005,102
image_08151,62
image_06655,16
image_01108,46
image_04831,91
image_06236,49
image_07278,62
image_00227,77
image_08111,6
image_00251,77
image_05779,13
image_07706,97
image_07465,94
image_03085,92
image_05087,2
image_02342,43
image_02623,84
image_03227,65
image_02731,58
image_07204,7
image_01425,51
image_08171,62
image_07290,37
image_01987,80
image_01568,44
image_05305,70
image_06519,26
image_02980,60
image_07153,45
image_02308,41
image_02713,58
image_05748,13
image_06302,50
image_07199,6
image_05646,4
image_06360,15
image_02278,41
image_05125,2
image_00918,81
image_06188,19
image_01921,78
image_06728,79
image_01488,51
image_05053,59
image_00098,77
image_02454,76
image_03197,65
image_00805,81
image_03147,11
image_07899,100
image_02519,76
image_00304,73
image_00461,88
image_00898,81
image_00790,81
image_05780,13
image_05992,69
image_02350,43
image_06563,50
image_02612,84
image_03345,8
image_01788,83
image_02486,76
image_07942,101
image_03187,65
image_00720,89
image_08004,102
image_04236,52
image_04106,29
image_00108,77
image_00267,73
image_04014,12
image_05514,87
image_05861,63
image_01101,46
image_06425,9
image_00519,88
image_03505,30
image_04188,52
image_05440,54
image_06893,31
image_02547,76
image_03770,37
image_04330,36
image_05402,54
image_01660,82
image_05638,4
image_00310,73
image_03025,60
image_02148,75
image_02763,56
image_00779,89
image_00289,73
image_02712,58
image_01466,51
image_06043,93
image_07430,94
image_04693,48
image_06081,14
image_03807,37
image_04136,29
image_02282,41
image_00158,77
image_07043,39
image_07671,96
image_01911,78
image_05959,69
image_05881,63
image_00844,81
image_03581,72
image_01369,51
image_00486,88
image_04707,55
image_00425,73
image_02053,80
image_00415,73
image_03579,72
image_00240,77
image_00990,46
image_07456,94
image_03402,23
image_04549,71
image_01880,78
image_04167,52
image_00851,81
image_00583,88
image_05978,69
image_03146,11
image_06869,27
image_04388,36
image_02107,75
image_03609,72
image_05443,54
image_03718,53
image_02404,43
image_05656,4
image_06224,49
image_04873,91
image_04754,55
image_06925,31
image_02176,75
image_03112,11
image_06811,21
image_03150,11
image_06222,49
image_00915,81
image_00409,73
image_02891,86
image_02539,76
image_00857,81
image_02846,56
image_00057,77
image_07490,95
image_02941,60
image_03289,8
image_05698,42
image_03390,23
image_07413,94
image_05612,32
image_04566,40
image_06358,15
image_00151,77
image_03024,60
image_02110,75
image_02489,76
image_07643,96
image_08163,62
image_03844,17
image_07962,101
image_00828,81
image_02798,56
image_03693,53
image_04454,90
image_02301,41
image_00861,81
image_07045,39
image_02828,56
image_01292,74
image_02774,56
image_00337,73
image_06756,1
image_05525,66
image_01878,78
image_07601,96
image_02288,41
image_02617,84
image_08101,7
image_06129,64
image_06533,50
image_08161,62
image_06076,14
image_05716,42
image_07366,94
image_06445,33
image_06134,64
image_05938,68
image_03062,92
image_06204,49
image_05438,54
image_00005,77
image_01679,82
image_05476,87
image_01686,82
image_03115,11
image_05828,38
image_04683,48
image_01871,78
image_02687,58
image_04351,36
image_07878,99
image_03458,23
image_01548,44
image_03443,23
image_02939,60
image_03541,30
image_06088,14
image_03799,37
image_00941,81
image_03371,23
image_01506,44
image_04184,52
image_00604,89
image_02724,58
image_03064,92
image_07743,97
image_05602,32
image_07386,94
image_01501,44
image_01135,46
image_00228,77
image_07251,57
image_06324,50
image_05981,69
image_03330,8
image_00696,89
image_07233,7
image_03649,53
image_02407,43
image_02044,80
image_01024,46
image_01583,44
image_02047,80
image_02478,76
image_01726,83
image_04068,12
image_05007,47
image_01451,51
image_00935,81
image_02127,75
image_02800,56
image_07682,96
image_00373,73
image_05982,69
image_01197,74
image_02859,56
image_06265,61
image_08178,62
image_07724,97
image_03588,72
image_07089,10
image_07756,98
image_00301,73
image_04997,47
image_00221,77
image_00952,46
image_01335,51
image_05405,54
image_05457,54
image_00183,77
image_02560,84
image_05739,42
image_00597,88
image_07832,98
image_00250,77
image_02574,84
image_00123,77
image_07810,98
image_07101,10
image_00618,89
image_02525,76
image_02070,75
image_06825,24
image_06166,19
image_02232,41
image_03023,60
image_03986,51
image_03962,51
image_07953,101
image_06888,27
image_02569,84
image_01848,78
image_06998,35
image_01051,46
image_04519,71
image_03722,53
image_03615,72
image_06838,24
image_02556,84
image_06689,16
image_02997,60
image_03876,17
image_02553,84
image_03836,17
image_00574,88
image_05220,28
image_07650,96
image_04384,36
image_05419,54
image_03752,37
image_01885,78
image_02720,58
image_02305,41
image_06534,50
image_06162,19
image_01271,74
image_01399,51
image_01578,44
image_01619,82
image_02594,84
image_06892,31
image_01783,83
image_07452,94
image_07570,95
image_03644,53
image_05132,2
image_06550,50
image_00995,46
image_00437,73
image_06695,79
image_06965,34
image_00802,81
image_01810,83
image_07208,7
image_01526,44
image_06772,1
image_00260,73
image_05845,38
image_01747,83
image_07817,98
image_04838,91
image_06608,25
image_05137,2
image_07768,98
image_04783,85
image_04169,52
image_03398,23
image_04483,71
image_01949,78
image_04837,91
image_05609,32
image_04368,36
image_01032,46
image_00020,77
image_07726,97
image_05813,38
image_04570,40
image_07227,7
image_01035,46
image_08032,102
image_00788,81
image_06555,50
image_01868,78
image_01497,44
image_00318,73
image_03527,30
image_07091,10
image_01031,46
image_07548,95
image_07065,67
image_02066,80
image_05836,38
image_02084,75
image_05387,22
image_03296,8
image_07971,101
image_00128,77
image_01870,78
image_03691,53
image_02144,75
image_04676,48
image_05367,22
image_07811,98
image_06339,50
image_00895,81
image_06013,93
image_05324,70
image_07352,94
image_00561,88
image_07360,94
image_00705,89
image_05241,28
image_04679,48
image_04604,40
image_04687,48
image_05196,5
image_07620,96
image_06736,1
image_01005,46
image_05021,59
image_01262,74
image_04936,20
image_08003,102
image_03652,53
image_04328,36
image_03921,51
image_00833,81
image_07273,62
image_03688,53
image_07482,95
image_01392,51
image_05879,63
image_02381,43
image_04256,18
image_00078,77
image_04424,90
image_04209,52
image_03454,23
image_05407,54
image_00216,77
image_02775,56
image_02237,41
image_02322,43
image_05940,68
image_07001,35
image_07503,95
image_07963,101
image_07330,94
image_01235,74
image_06165,19
image_03174,11
image_02230,41
image_00410,73
image_07784,98
image_02503,76
image_05206,5
image_00396,73
image_06752,1
image_03333,8
image_04200,52
image_01617,82
image_07533,95
image_00732,89
image_07387,94
image_05311,70
image_04370,36
image_02747,58
image_05979,69
image_06787,21
image_06471,33
image_06931,34
image_07965,101
image_03017,60
image_04643,48
image_01195,74
image_08128,57
image_06246,49
image_01778,83
image_05851,63
image_04042,12
image_03568,72
image_02028,80
image_08026,102
image_07874,99
image_01502,44
image_05258,28
image_01405,51
image_06310,50
image_06738,1
image_04688,48
image_06630,3
image_01402,51
image_01504,44
image_06944,34
image_05912,68
image_06757,1
image_06889,27
image_05474,87
image_08120,57
image_00343,73
image_02975,60
image_05411,54
image_06203,49
image_05530,66
image_00494,88
image_00392,73
image_01126,46
image_04096,29
image_03659,53
image_00160,77
image_07826,98
image_03889,17
image_08059,91
image_04766,55
image_03373,23
image_01922,78
image_06873,27
image_07807,98
image_05904,68
image_04661,48
image_00943,81
image_04633,48
image_01695,82
image_00399,73
image_00361,73
image_03600,72
image_07908,100
image_03783,37
image_01572,44
image_04362,36
image_00714,89
image_07238,57
image_05994,69
image_06187,19
image_01336,51
image_05015,47
image_06293,61
image_02323,43
image_03134,11
image_00678,89
image_02585,84
image_00465,88
image_05621,32
image_02236,41
image_01822,83
image_00598,89
image_02498,76
image_07989,101
image_02446,76
image_04170,52
image_00605,89
image_03911,17
image_00520,88
image_07000,35
image_07395,94
image_00411,73
image_06762,1
image_04854,91
image_07525,95
image_02950,60
image_01533,44
image_00809,81
image_02251,41
image_02370,43
image_02490,76
image_01459,51
image_03856,17
image_02723,58
image_02016,80
image_01875,78
image_06891,31
image_03892,17
image_04973,47
image_07081,67
image_01014,46
image_04049,12
image_01811,83
image_01499,44
image_04527,71
image_06196,19
image_04789,85
image_08021,102
image_01764,83
image_06025,93
image_02156,75
image_07171,6
image_01969,80
image_00633,89
image_01353,51
image_07475,95
image_01098,46
image_06243,49
image_01970,80
image_00278,73
image_03812,37
image_05401,54
image_02280,41
image_07485,95
image_05682,4
image_00501,88
image_08007,102
image_06259,61
image_07140,45
image_04094,29
image_01896,78
image_02599,84
image_07628,96
image_06974,35
image_01345,51
image_03650,53
image_03837,17
image_04339,36
image_04946,20
image_04063,12
image_01867,78
image_05345,22
image_00042,77
image_04195,52
image_00825,81
image_00383,73
image_02268,41
image_06492,26
image_04614,40
image_06688,16
image_06034,93
image_00903,81
image_03217,65
image_06641,3
image_02085,75
image_03125,11
image_04320,18
image_00973,46
image_07893,100
image_03041,92
image_02042,80
image_00976,46
image_05339,70
image_07833,99
image_06662,16
image_05384,22
image_04356,36
image_01834,78
image_04849,91
image_07303,93
image_01255,74
image_00657,89
image_02826,56
image_00096,77
image_06601,25
image_07039,39
image_06242,49
image_06262,61
image_03933,51
image_06069,14
image_05219,28
image_06287,61
image_07913,100
image_01242,74
image_00306,73
image_07259,57
image_04634,48
image_00363,73
image_05296,70
image_01403,51
image_03716,53
image_07068,67
image_06205,49
image_00320,73
image_02103,75
image_06760,1
image_04879,91
image_03241,65
image_04280,18
image_02032,80
image_02207,41
image_02149,75
image_02729,58
image_02701,58
image_00197,77
image_00066,77
image_07911,100
image_04145,29
image_06856,27
image_06832,24
image_04449,90
image_05597,32
image_05182,5
image_04881,91
image_06254,61
image_07812,98
image_02087,75
image_04536,71
image_02699,58
image_04904,20
image_03075,92
image_02008,80
image_07609,96
image_01906,78
image_04203,52
image_01549,44
image_00835,81
image_01429,51
image_07898,100
image_04853,91
image_03827,37
image_05531,66
image_07357,94
image_07384,94
image_06415,9
image_03820,37
image_03772,37
image_07469,95
image_04544,71
image_00640,89
image_00203,77
image_06637,3
image_07870,99
image_03908,17
image_02679,58
image_03183,65
image_03499,30
image_04735,55
image_06528,50
image_01239,74
image_06389,15
image_02422,43
image_05036,59
image_02352,43
image_05011,47
image_02518,76
image_08071,31
image_08167,62
image_05177,5
image_00641,89
image_06828,24
image_02019,80
image_07800,98
image_04763,55
image_03332,8
image_04624,40
image_05855,63
image_05410,54
image_03358,8
image_04762,55
image_01852,78
image_01602,82
image_01882,78
image_08130,57
image_01872,78
image_02403,43
image_07541,95
image_06909,31
image_02178,75
image_01084,46
image_02958,60
image_06327,50
image_03067,92
image_06171,19
image_01791,83
image_07752,98
image_01185,74
image_03866,17
image_04956,47
image_03922,51
image_00259,73
image_06926,31
image_01557,44
image_01678,82
image_06148,64
image_02717,58
image_04098,29
image_01998,80
image_02926,60
image_01340,51
image_04937,20
image_02889,86
image_00294,73
image_04026,12
image_01039,46
image_05191,5
image_06707,79
image_02197,41
image_01013,46
image_07906,100
image_05750,13
image_00562,88
image_07586,95
image_07477,95
image_01206,74
image_01636,82
image_06520,26
image_06552,50
image_04391,36
image_03479,30
image_00490,88
image_06744,1
image_04503,71
image_01978,80
image_02736,58
image_08083,88
image_00341,73
image_02212,41
image_02511,76
image_03208,65
image_02234,41
image_01790,83
image_03437,23
image_02037,80
image_05104,2
image_02811,56
image_05214,28
image_08105,6
image_04775,85
image_03808,37
image_03331,8
image_00500,88
image_02614,84
image_04366,36
image_07804,98
image_00991,46
image_00800,81
image_01463,51
image_05925,68
image_06633,3
image_08097,10
image_04957,47
image_06017,93
image_02125,75
image_05148,5
image_00797,81
image_07759,98
image_02806,56
image_05877,63
image_02494,76
image_03870,17
image_05318,70
image_07883,99
image_03243,65
image_04345,36
image_00202,77
image_06110,64
image_07494,95
image_01017,46
image_04551,71
image_00534,88
image_03915,51
image_04404,90
image_06515,26
image_04385,36
image_00944,81
image_05504,87
image_07996,101
image_00239,77
image_02869,86
image_07181,6
image_04859,91
image_02966,60
image_01278,74
image_00674,89
image_06228,49
image_07032,39
image_03513,30
image_08033,102
image_00256,73
image_00509,88
image_01913,78
image_08024,102
image_03516,30
image_02548,76
image_04393,36
image_01661,82
image_01629,82
image_03651,53
image_03157,11
image_04153,29
image_07471,95
image_00063,77
image_05947,68
image_04671,48
image_03259,65
image_01765,83
image_04310,18
image_03670,53
image_05045,59
image_04065,12
image_00554,88
image_03746,37
image_00022,77
image_02325,43
image_06823,24
image_06241,49
image_02297,41
image_03175,11
image_04012,12
image_00138,77
image_07099,10
image_07871,99
image_05255,28
image_07556,95
image_02097,75
image_07606,96
image_07829,98
image_06167,19
image_08170,62
image_06430,9
image_06464,33
image_03771,37
image_07129,45
image_00587,88
image_02792,56
image_00673,89
image_08110,6
image_05941,68
image_01972,80
image_06571,25
image_01421,51
image_00485,88
image_04326,36
image_00307,73
image_00443,73
image_03551,72
image_03116,11
image_02719,58
image_04776,85
image_01482,51
image_06490,26
image_07418,94
image_01801,83
image_01510,44
image_05276,28
image_02575,84
image_02892,86
image_07137,45
image_02677,58
image_00849,81
image_00316,73
image_03667,53
image_01606,82
image_00033,77
image_04621,40
image_00023,77
image_03788,37
image_07077,67
image_01205,74
image_07747,97
image_03363,8
image_07190,6
image_04999,47
image_06632,3
image_01021,46
image_00769,89
image_03388,23
image_02027,80
image_06083,14
image_01821,83
image_06103,64
image_01544,44
image_03044,92
image_05055,59
image_06269,61
image_03370,23
image_00897,81
image_04158,29
image_00710,89
image_06751,1
image_00389,73
image_07172,6
image_06238,49
image_03078,92
image_05073,59
image_07075,67
image_03679,53
image_06477,33
image_02532,76
image_06975,35
image_07766,98
image_07048,67
image_00820,81
image_00324,73
image_04664,48
image_00585,88
image_00884,81
image_00171,77
image_02637,84
image_06176,19
image_06249,61
image_01672,82
image_05998,69
image_00652,89
image_03714,53
image_02885,86
image_01722,83
image_00321,73
image_00749,89
image_07379,94
image_07119,10
image_07616,96
image_01055,46
image_04894,91
image_00615,89
image_06521,26
image_02554,84
image_00155,77
image_01547,44
image_04953,47
image_07585,95
image_00015,77
image_01470,51
image_07285,37
image_02640,58
image_05945,68
image_04139,29
image_04990,47
image_01800,83
image_02254,41
image_04674,48
image_04567,40
image_05027,59
image_01914,78
image_06814,24
image_00233,77
image_08156,62
image_06621,3
image_03137,11
image_00357,73
image_05453,54
image_03467,30
image_06978,35
image_04985,47
image_08173,62
image_05303,70
image_07432,94
image_03411,23
image_05082,59
image_01042,46
image_03086,92
image_00277,73
image_00770,89
image_07939,100
image_03476,30
image_07782,98
image_00047,77
image_06767,1
image_00860,81
image_04504,71
image_00453,88
image_00237,77
image_03452,23
image_03639,72
image_03252,65
image_02987,60
image_03850,17
image_07785,98
image_04462,90
image_08092,10
image_06587,25
image_07069,67
image_02453,76
image_00442,73
image_03762,37
image_00653,89
image_06107,64
image_06907,31
image_03553,72
image_05164,5
image_04584,40
image_06194,19
image_04044,12
image_00568,88
image_03240,65
image_01298,74
image_00006,77
image_07447,94
image_02129,75
image_06124,64
image_04070,12
image_01855,78
image_05151,5
image_00525,88
image_08154,62
image_00643,89
image_01228,74
image_07776,98
image_03105,11
image_03610,72
image_04569,40
image_05823,38
image_07047,67
image_07304,94
image_01570,44
image_00752,89
image_08098,45
image_02509,76
image_03858,17
image_07924,100
image_06501,26
image_03944,51
image_01732,83
image_05582,66
image_03099,11
image_00199,77
image_02298,41
image_07400,94
image_03498,30
image_07858,99
image_05059,59
image_03539,30
image_03336,8
image_01756,83
image_00577,88
image_05494,87
image_06142,64
image_00109,77
image_03928,51
image_05450,54
image_04212,52
image_08132,57
image_02783,56
image_00332,73
image_02041,80
image_07840,99
image_04649,48
image_02882,86
image_00659,89
image_06883,27
image_01213,74
image_06816,24
image_03723,53
image_04995,47
image_07653,96
image_01990,80
image_06843,24
image_06647,3
image_06864,27
image_04929,20
image_04921,20
image_07528,95
image_04561,40
image_04164,52
image_07549,95
image_04652,48
image_00060,77
image_04357,36
image_00684,89
image_06044,93
image_01883,78
image_03133,11
image_05200,5
image_07254,57
image_07437,94
image_00148,77
image_02206,41
image_06234,49
image_05523,66
image_02358,43
image_02965,60
image_05208,5
image_04728,55
image_03033,92
image_03163,11
image_07455,94
image_05388,22
image_01415,51
image_03061,92
image_04421,90
image_04379,36
image_05951,68
image_07036,39
image_07523,95
image_05929,68
image_02154,75
image_06973,35
image_01957,78
image_06060,14
image_07719,97
image_01928,78
image_00703,89
image_06108,64
image_00457,88
image_02283,41
image_04373,36
image_06473,33
image_01194,74
image_06256,61
image_02201,41
image_07463,94
image_08009,102
image_07507,95
image_07425,94
image_05062,59
image_06181,19
image_05173,5
image_02552,76
image_03927,51
image_00235,77
image_07321,94
image_07530,95
image_01243,74
image_01492,44
image_05455,54
image_06523,26
image_03961,51
image_00609,89
image_00483,88
image_02722,58
image_02894,86
image_02081,75
image_03661,53
image_01015,46
image_01865,78
image_04959,47
image_02540,76
image_06829,24
image_08125,57
image_00879,81
image_07230,7
image_05953,68
image_01352,51
image_05420,54
image_02544,76
image_00588,88
image_04582,40
image_06809,21
image_07841,99
image_04149,29
image_05587,32
image_00839,81
image_04465,90
image_02777,56
image_02831,56
image_07947,101
image_05480,87
image_06261,61
image_04301,18
image_03700,53
image_07212,7
image_03355,8
image_01196,74
image_01580,44
image_02760,56
image_02271,41
image_06367,15
image_01382,51
image_00910,81
image_01907,78
image_07402,94
image_05310,70
image_00754,89
image_06932,34
image_04984,47
image_02676,58
image_04983,47
image_05313,70
image_03578,72
image_04238,52
image_05086,59
image_07051,67
image_03382,23
image_03854,17
image_05730,42
image_04028,12
image_07995,101
image_01437,51
image_04955,47
image_05234,28
image_03632,72
image_06798,21
image_00743,89
image_03642,53
image_07997,101
image_03982,51
image_04769,85
image_05091,2
image_04312,18
image_03627,72
image_08118,57
image_00526,88
image_00940,81
image_00616,89
image_03346,8
image_06910,31
image_07097,10
image_04942,20
image_02481,76
image_01785,83
image_01159,74
image_03773,37
image_07396,94
image_03902,17
image_00608,89
image_03047,92
image_00901,81
image_08139,57
image_05802,38
image_05272,28
image_02804,56
image_02126,75
image_01314,51
image_07453,94
image_06578,25
image_02790,56
image_06667,16
image_03464,30
image_05985,69
image_02914,86
image_05493,87
image_06516,26
image_05633,4
image_04427,90
image_02872,86
image_08081,39
image_07392,94
image_04511,71
image_03199,65
image_04695,48
image_06871,27
image_03356,8
image_02180,75
image_05717,42
image_07717,97
image_06573,25
image_02024,80
image_02631,84
image_00257,73
image_04121,29
image_05664,4
image_01926,78
image_00391,73
image_05800,38
image_02476,76
image_02985,60
image_05705,42
image_03461,30
image_03720,53
image_05232,28
image_04905,20
image_03204,65
image_04708,55
image_06480,33
image_02161,75
image_07945,101
image_06417,9
image_06117,64
image_04099,29
image_06045,93
image_04032,12
image_00431,73
image_04304,18
image_00660,89
image_00247,77
image_06268,61
image_03682,53
image_05238,28
image_05666,4
image_02510,76
image_02559,84
image_04653,48
image_01241,74
image_04375,36
image_07340,94
image_07200,7
image_07466,95
image_00367,73
image_01474,51
image_08052,24
image_00252,73
image_01539,44
image_06949,34
image_08072,31
image_04134,29
image_04890,91
image_07339,94
image_05115,2
image_02338,43
image_03950,51
image_05906,68
image_01431,51
image_01458,51
image_02923,60
image_03104,11
image_02343,43
image_07855,99
image_01006,46
image_05268,28
image_00670,89
image_05390,22
image_07275,62
image_07772,98
image_07135,45
image_07691,97
image_02671,58
image_00402,73
image_05491,87
image_04500,71
image_08054,91
image_06777,21
image_00417,73
image_04036,12
image_05735,42
image_03756,37
image_03592,72
image_07141,45
image_03636,72
image_01287,74
image_03319,8
image_01965,80
image_06029,93
image_00962,46
image_01090,46
image_03847,17
image_01645,82
image_01989,80
image_07843,99
image_06996,35
image_00925,81
image_04855,91
image_07038,39
image_07492,95
image_04818,85
image_03767,37
image_02231,41
image_05130,2
image_08091,10
image_06163,19
image_05264,28
image_06642,3
image_04322,18
image_07170,6
image_02573,84
image_02117,75
image_00515,88
image_06661,16
image_04228,52
image_04265,18
image_07712,97
image_05195,5
image_06754,1
image_05030,59
image_04900,20
image_01413,51
image_00241,77
image_02055,80
image_07655,96
image_02014,80
image_05446,54
image_01516,44
image_01416,51
image_07866,99
image_03646,53
image_00698,89
image_00634,89
image_03684,53
image_06001,69
image_07003,35
image_01332,51
image_07918,100
image_02597,84
image_00580,88
image_02106,75
image_04088,29
image_05741,42
image_01337,51
image_00717,89
image_04548,71
image_02292,41
image_04918,20
image_03754,37
image_06793,21
image_04183,52
image_04986,47
image_06066,14
image_01075,46
image_04646,48
image_07109,10
image_03022,60
image_05097,2
image_04680,48
image_00297,73
image_05008,47
image_07371,94
image_05688,42
image_00507,88
image_02535,76
image_05921,68
image_03624,72
image_02261,41
image_04231,52
image_00125,77
image_02311,41
image_04537,71
image_00426,73
image_06618,3
image_01045,46
image_00793,81
image_01252,74
image_01280,74
image_00312,73
image_05791,13
image_05229,28
image_06905,31
image_02259,41
image_01866,78
image_07792,98
image_01535,44
image_07988,101
image_00334,73
image_02961,60
image_04587,40
image_04267,18
image_01214,74
image_02755,56
image_05250,28
image_07641,96
image_02847,56
image_05936,68
image_03365,8
image_05834,38
image_01173,74
image_06323,50
image_07086,10
image_00184,77
image_04928,20
image_01116,46
image_04241,52
image_04349,36
image_05262,28
image_04358,36
image_04248,18
image_08015,102
image_05093,2
image_00398,73
image_07128,45
image_03406,23
image_00447,88
image_07727,97
image_02039,80
image_08093,10
image_04281,18
image_06232,49
image_01110,46
image_06964,34
image_06897,31
image_03949,51
image_00469,88
image_05319,70
image_01575,44
image_02888,86
image_06292,61
image_04431,90
image_01085,46
image_04104,29
image_07314,94
image_06210,49
image_05479,87
image_04925,20
image_02913,86
image_07901,100
image_00999,46
image_01923,78
image_01465,51
image_05374,22
image_03784,37
image_06782,21
image_01494,44
image_06231,49
image_02294,41
image_01803,83
image_06547,50
image_07279,62
image_03920,51
image_04353,36
image_05389,22
image_04261,18
image_06493,26
image_03031,92
image_02845,56
image_06590,25
image_07380,94
image_03171,11
image_03268,65
image_02691,58
image_01076,46
image_02095,75
image_01571,44
image_07095,10
image_03696,53
image_01303,74
image_07551,95
image_06276,61
image_03960,51
image_03567,72
image_00335,73
image_07912,100
image_07613,96
image_02118,75
image_07972,101
image_02253,41
image_03629,72
image_00636,89
image_07867,99
image_00707,89
image_07198,6
image_06376,15
image_06007,69
image_00847,81
image_04608,40
image_02850,56
image_04472,90
image_00669,89
image_03368,8
image_04225,52
image_08057,91
image_03267,65
image_02652,58
image_06100,64
image_00599,89
image_00966,46
image_01616,82
image_01080,46
image_07941,100
image_01389,51
image_03791,37
image_01174,74
image_04596,40
image_00584,88
image_02488,76
image_07426,94
image_05653,4
image_02982,60
image_00181,77
image_01054,46
image_02009,80
image_00690,89
image_03726,53
image_06729,79
image_06424,9
image_03683,53
image_08175,62
image_06040,93
image_08187,62
image_03742,37
image_05052,59
image_01515,44
image_04405,90
image_02517,76
image_07504,95
image_05788,13
image_06082,14
image_00162,77
image_07007,39
image_06812,21
image_02970,60
image_02131,75
image_01849,78
image_02074,75
image_05968,69
image_07375,94
image_00555,88
image_08185,62
image_00996,46
image_03108,11
image_03560,72
image_00021,77
image_03484,30
image_05259,28
image_02101,75
image_06732,79
image_06969,35
image_00091,77
image_01631,82
image_06529,50
image_07760,98
image_03795,37
image_05715,42
image_03613,72
image_04531,71
image_05557,66
image_02143,75
image_03079,92
image_01435,51
image_07652,96
image_00783,81
image_04354,36
image_01976,80
image_07699,97
image_02273,41
image_05697,42
image_00326,73
image_06151,19
image_03548,72
image_05798,38
image_03113,11
image_04291,18
image_01886,78
image_04249,18
image_02210,41
image_00824,81
image_07582,95
image_01305,74
image_04612,40
image_04926,20
image_02221,41
image_01256,74
image_03020,60
image_06763,1
image_05299,70
image_06255,61
image_07298,37
image_02909,86
image_03805,37
image_07928,100
image_07791,98
image_07630,96
image_01172,74
image_01234,74
image_02423,43
image_07164,6
image_00137,77
image_05738,42
image_00217,77
image_03474,30
image_01376,51
image_08064,99
image_00614,89
image_05181,5
image_03220,65
image_03818,37
image_01664,82
image_00136,77
image_00412,73
image_01696,83
image_06221,49
image_05507,87
image_03829,17
image_04031,12
image_01830,78
image_05315,70
image_00317,73
image_02572,84
image_06639,3
image_00748,89
image_03264,65
image_06383,15
image_04744,55
image_06564,50
image_04875,91
image_04864,91
image_06886,27
image_04977,47
image_02461,76
image_07916,100
image_07705,97
image_07753,98
image_00116,77
image_00144,77
image_04520,71
image_02457,76
image_04962,47
image_00892,81
image_04547,71
image_01156,74
image_04583,40
image_07862,99
image_06396,9
image_05142,2
image_05649,4
image_06712,79
image_00531,88
image_06514,26
image_03035,92
image_00193,77
image_07831,98
image_00126,77
image_06258,61
image_02550,76
image_01495,44
image_06581,25
image_04376,36
image_03724,53
image_01579,44
image_00630,89
image_04452,90
image_04112,29
image_01890,78
image_06237,49
image_05472,87
image_02064,80
image_02853,56
image_05119,2
image_07281,62
image_00062,77
image_07152,45
image_03270,65
image_00212,77
image_07004,35
image_04475,90
image_03349,8
image_02147,75
image_02392,43
image_05577,66
image_05759,13
image_05129,2
image_04706,55
image_03339,8
image_04721,55
image_06711,79
image_01975,80
image_03757,37
image_02428,43
image_07178,6
image_05765,13
image_04464,90
image_07961,101
image_06227,49
image_06273,61
image_03255,65
image_06802,21
image_05675,4
image_04197,52
image_04457,90
image_08034,102
image_01891,78
image_07055,67
image_05359,22
image_00954,46
image_01222,74
image_03496,30
image_05341,22
image_05415,54
image_03216,65
image_08122,57
image_01784,83
image_05226,28
image_07897,100
image_01698,83
image_00731,89
image_06813,21
image_04211,52
image_04543,71
image_04691,48
image_05890,63
image_05193,5
image_00538,88
image_07309,94
image_07555,95
image_07094,10
image_02501,76
image_06592,25
image_07819,98
image_01574,44
image_05392,22
image_02898,86
image_00359,73
image_02830,56
image_05529,66
image_01026,46
image_07700,97
image_05092,2
image_04110,29
image_07126,45
image_02749,58
image_04479,90
image_00675,89
image_07512,95
image_03704,53
image_03597,72
image_05902,63
image_02327,43
image_00309,73
image_04123,29
image_05257,28
image_04830,91
image_01137,46
image_07693,97
image_05178,5
image_07030,39
image_01567,44
image_05510,87
image_02700,58
image_07401,94
image_05342,22
image_02870,86
image_02823,56
image_02372,43
image_00632,89
image_07306,94
image_08016,102
image_07636,96
image_05552,66
image_04610,40
image_07157,45
image_04077,12
image_01381,51
image_03946,51
image_07322,94
image_02655,58
image_03158,11
image_05475,87
image_07876,99
image_06096,14
image_03874,17
image_03668,53
image_03622,72
image_05944,68
image_01067,46
image_01284,74
image_06673,16
image_07501,95
image_06008,69
image_00955,46
image_05330,70
image_04970,47
image_00611,89
image_05312,70
image_01909,78
image_03303,8
image_00296,73
image_02163,75
image_02854,56
image_05643,4
image_06483,33
image_05539,66
image_05050,59
image_03508,30
image_05856,63
image_01362,51
image_04270,18
image_07189,6
image_01240,74
image_07057,67
image_07111,10
image_02130,75
image_06239,49
image_07673,96
image_04125,29
image_06063,14
image_02993,60
image_04585,40
image_01309,74
image_05056,59
image_03285,8
image_03655,53
image_01654,82
image_05452,54
image_00982,46
image_01937,78
image_05034,59
image_03180,11
image_06544,50
image_05128,2
image_00403,73
image_04247,18
image_03534,30
image_03279,65
image_04243,52
image_02336,43
image_02646,58
image_00513,88
image_04030,12
image_05746,13
image_05867,63
image_01837,78
image_04898,20
image_05736,42
image_02945,60
image_01211,74
image_06759,1
image_02649,58
image_07884,99
image_00017,77
image_04273,18
image_02526,76
image_08127,57
image_00165,77
image_04672,48
image_07363,94
image_02186,75
image_02168,75
image_06654,16
image_00829,81
image_00557,88
image_06211,49
image_01049,46
image_02477,76
image_01738,83
image_03536,30
image_03071,92
image_00496,88
image_02324,43
image_06368,15
image_01996,80
image_02988,60
image_03007,60
image_01700,83
image_01354,51
image_05370,22
image_05900,63
image_07301,85
image_02530,76
image_04924,20
image_05830,38
image_04252,18
image_02813,56
image_05037,59
image_05703,42
image_03798,37
image_04950,20
image_02384,43
image_04497,71
image_03138,11
image_05187,5
image_06834,24
image_02868,86
image_03277,65
image_03561,72
image_02905,86
image_06312,50
image_02739,58
image_08087,35
image_02714,58
image_04628,48
image_06330,50
image_02051,80
image_03884,17
image_01083,46
image_01351,51
image_05243,28
image_06031,93
image_05471,87
image_07921,100
image_07421,94
image_04390,36
image_03051,92
image_08140,57
image_03996,12
image_03517,30
image_05329,70
image_06215,49
image_06861,27
image_05842,38
image_02105,75
image_07604,96
image_04156,29
image_06022,93
image_03139,11
image_03291,8
image_00503,88
image_02620,84
image_03780,37
image_05506,87
image_00610,89
image_06849,24
image_02060,80
image_07718,97
image_01935,78
image_04895,91
image_03512,30
image_01251,74
image_07220,7
image_06899,31
image_04177,52
image_01982,80
image_01370,51
image_04907,20
image_04540,71
image_06624,3
image_01699,83
image_05289,70
image_07261,57
image_04542,71
image_02347,43
image_06679,16
image_05369,22
image_04868,91
image_01089,46
image_01934,78
image_00975,46
image_02289,41
image_02157,75
image_05143,2
image_06594,25
image_07218,7
image_04966,47
image_06701,79
image_02930,60
image_07486,95
image_08019,102
image_02805,56
image_05076,59
image_00133,77
image_07052,67
image_03413,23
image_05006,47
image_01721,83
image_00068,77
image_00003,77
image_03311,8
image_02761,56
image_00671,89
image_06952,34
image_04210,52
image_06073,14
image_06004,69
image_03524,30
image_01517,44
image_00223,77
image_06788,21
image_03506,30
image_06993,35
image_06089,14
image_03894,17
image_06610,25
image_05263,28
image_04015,12
image_04723,55
image_07311,94
image_07476,95
image_07067,67
image_04648,48
image_03325,8
image_04292,18
image_02771,56
image_01739,83
image_06807,21
image_01486,51
image_02567,84
image_02204,41
image_00644,89
image_05368,22
image_01534,44
image_03408,23
image_01052,46
image_02681,58
image_03611,72
image_00638,89
image_00405,73
image_07147,45
image_07160,45
image_01461,51
image_01670,82
image_07632,96
image_03931,51
image_01779,83
image_05809,38
image_05403,54
image_00602,89
image_02321,43
image_06882,27
image_05794,38
image_06052,14
image_01294,74
image_01881,78
image_01903,78
image_07104,10
image_00711,89
image_02672,58
image_02318,43
image_00214,77
image_05442,54
image_06778,21
image_06663,16
image_07709,97
image_03269,65
image_07552,95
image_07970,101
image_00488,88
image_00896,81
image_05352,22
image_06881,27
image_03338,8
image_06055,14
image_05433,54
image_03219,65
image_05286,70
image_07459,94
image_02369,43
image_04035,12
image_05009,47
image_06706,79
image_06648,3
image_07904,100
image_05041,59
image_06394,15
image_07618,96
image_02188,75
image_03257,65
image_07607,96
image_05171,5
image_03131,11
image_03715,53
image_05483,87
image_03162,11
image_03945,51
image_06768,1
image_01592,82
image_01690,82
image_05690,42
image_02630,84
image_02680,58
image_02648,58
image_02776,56
image_02377,43
image_07708,97
image_07720,97
image_05383,22
image_08090,10
image_04240,52
image_05069,59
image_02954,60
image_02396,43
image_05728,42
image_04790,85
image_01460,51
image_06401,9
image_02159,75
image_06147,64
image_03293,8
image_02512,76
image_03091,92
image_02052,80
image_07850,99
image_06422,9
image_06665,16
image_00595,88
image_07408,94
image_02098,75
image_04287,18
image_02401,43
image_03744,37
image_00838,81
image_04909,20
image_08082,88
image_06421,9
image_04255,18
image_00163,77
image_05496,87
image_03851,17
image_04730,55
image_05039,59
image_01441,51
image_04266,18
image_00111,77
image_00727,89
image_06150,19
image_04272,18
image_06418,9
image_02215,41
image_06306,50
image_04714,55
image_06848,24
image_07056,67
image_01483,51
image_01825,83
image_05020,59
image_01642,82
image_01227,74
image_01605,82
image_02827,56
image_03563,72
image_04499,71
image_05693,42
image_06847,24
image_03042,92
image_04631,48
image_04189,52
image_00566,88
image_02233,41
image_00946,81
image_03421,23
image_01261,74
image_04298,18
image_05760,13
image_07356,94
image_07751,98
image_06375,15
image_01893,78
image_08055,91
image_01507,44
image_00065,77
image_04673,48
image_01344,51
image_00131,77
image_00094,77
image_03374,23
image_02591,84
image_03250,65
image_05922,68
image_00545,88
image_05332,70
image_03426,23
image_06562,50
image_05376,22
image_05634,4
image_00625,89
image_04476,90
image_02522,76
image_08138,57
image_03758,37
image_06900,31
image_05989,69
image_01408,51
image_00283,73
image_01711,83
image_00074,77
image_04910,20
image_04418,90
image_01002,46
image_07849,99
image_06251,61
image_07054,67
image_05567,66
image_05846,38
image_00086,77
image_06201,49
image_02150,75
image_00827,81
image_08108,6
image_05668,4
image_01805,83
image_07634,96
image_05108,2
image_07774,98
image_07877,99
image_00285,73
image_00521,88
image_07977,101
image_03987,51
image_07621,96
image_00695,89
image_00854,81
image_08025,102
image_03135,11
image_04360,36
image_02275,41
image_07295,37
image_08114,93
image_06933,34
image_01434,51
image_01793,83
image_01720,83
image_07748,97
image_06218,49
image_04819,85
image_02625,84
image_07619,96
image_01844,78
image_02035,80
image_01948,78
image_03917,51
image_07194,6
image_02111,75
image_01406,51
image_03164,11
image_01950,78
image_05859,63
image_03951,51
image_07701,97
image_00931,81
image_04174,52
image_05192,5
image_04067,12
image_03822,37
image_00413,73
image_08165,62
image_05714,42
image_02571,84
image_03735,37
image_00909,81
image_01385,51
image_04432,90
image_03860,17
image_01372,51
image_06318,50
image_04884,91
image_07529,95
image_03232,65
image_02794,56
image_00762,89
image_03036,92
image_02951,60
image_04623,40
image_06141,64
image_02865,86
image_00502,88
image_04283,18
image_07981,101
image_06370,15
image_00038,77
image_07234,57
image_02448,76
image_00563,88
image_05004,47
image_04690,48
image_03706,53
image_00474,88
image_07611,96
image_07929,100
image_04529,71
image_01224,74
image_02224,41
image_05891,63
image_04161,52
image_03350,8
image_00642,89
image_00436,73
image_01508,44
image_04742,55
image_01114,46
image_02877,86
image_06505,26
image_05889,63
image_01182,74
image_06698,79
image_05718,42
image_06680,16
image_02820,56
image_05230,28
image_03395,23
image_07018,39
image_06995,35
image_04782,85
image_04638,48
image_03292,8
image_05870,63
image_06380,15
image_02319,43
image_00905,81
image_04001,12
image_00454,88
image_04338,36
image_02768,56
image_02405,43
image_03445,23
image_03641,53
image_00406,73
image_04008,12
image_05676,4
image_05061,59
image_03244,65
image_00757,89
image_06585,25
image_07334,94
image_04701,55
image_04565,40
image_07299,90
image_03801,37
image_07151,45
image_00051,77
image_03258,65
image_05536,66
image_06553,50
image_05724,42
image_06690,16
image_06773,1
image_04619,40
image_01646,82
image_05169,5
image_06112,64
image_02861,56
image_00345,73
image_00295,73
image_02185,75
image_06524,26
image_01683,82
image_02005,80
image_02886,86
image_00989,46
image_05114,2
image_02466,76
image_03643,53
image_06496,26
image_07358,94
image_02414,43
image_06806,21
image_07686,97
image_04033,12
image_02621,84
image_04506,71
image_01229,74
image_04207,52
image_01384,51
image_04410,90
image_06487,26
image_05960,69
image_01731,83
image_08166,62
image_05584,32
image_03314,8
image_06018,93
image_07930,100
image_02049,80
image_02495,76
image_06855,27
image_01503,44
image_06106,64
image_00567,88
image_02799,56
image_06790,21
image_01456,51
image_02367,43
image_03305,8
image_08088,35
image_05559,66
image_03582,72
image_05871,63
image_00765,89
image_04350,36
image_04906,20
image_01971,80
image_00751,89
image_07383,94
image_05292,70
image_01612,82
image_01554,44
image_07133,45
image_07351,94
image_07583,95
image_06769,1
image_07108,10
image_03900,17
image_06705,79
image_05776,13
image_03930,51
image_02728,58
image_06386,15
image_01628,82
image_06252,61
image_03546,72
image_03634,72
image_06755,1
image_06460,33
image_07225,7
image_00281,73
image_06420,9
image_00746,89
image_06282,61
image_00124,77
image_01637,82
image_08045,102
image_07510,95
image_04866,91
image_03392,23
image_07088,10
image_05701,42
image_01789,83
image_05379,22
image_04204,52
image_00112,77
image_08159,62
image_07602,96
image_07647,96
image_06062,14
image_02817,56
image_00964,46
image_00930,81
image_07404,94
image_07573,95
image_01246,74
image_00617,89
image_01587,82
image_05351,22
image_07240,57
image_04155,29
image_04334,36
image_00052,77
image_03011,60
image_07041,39
image_04302,18
image_07695,97
image_02744,58
image_04914,20
image_06285,61
image_05110,2
image_03201,65
image_00938,81
image_07022,39
image_00120,77
image_03235,65
image_07680,96
image_05184,5
image_01749,83
image_04437,90
image_00134,77
image_06080,14
image_03155,11
image_02145,75
image_05356,22
image_07193,6
image_00129,77
image_05927,68
image_04685,48
image_02266,41
image_00832,81
image_04771,85
image_04842,91
image_06186,19
image_06826,24
image_02099,75
image_06923,31
image_04605,40
image_00470,88
image_04045,12
image_01442,51
image_00433,73
image_06898,31
image_02996,60
image_06244,49
image_05517,87
image_03448,23
image_04560,40
image_04196,52
image_00182,77
image_07857,99
image_01152,74
image_01311,74
image_07865,99
image_05247,28
image_07915,100
image_02355,43
image_06868,27
image_03583,72
image_03144,11
image_06560,50
image_02946,60
image_01988,80
image_06525,26
image_01910,78
image_04860,91
image_04178,52
image_03341,8
image_06850,27
image_03307,8
image_03063,92
image_02578,84
image_01358,51
image_05005,47
image_01414,51
image_00775,89
image_01040,46
image_04284,18
image_06781,21
image_00658,89
image_02077,75
image_02045,80
image_04389,36
image_07564,95
image_01796,83
image_00967,46
image_03384,23
image_02412,43
image_05112,2
image_00837,81
image_06542,50
image_04374,36
image_06298,50
image_04315,18
image_05574,66
image_02166,75
image_02878,86
image_04223,52
image_02264,41
image_05561,66
image_00968,46
image_02600,84
image_07557,95
image_01187,74
image_00226,77
image_07216,7
image_06908,31
image_07206,7
image_06309,50
image_06914,31
image_04382,36
image_02198,41
image_04777,85
image_06051,14
image_02400,43
image_00329,73
image_04732,55
image_01457,51
image_02582,84
image_00172,77
image_06314,50
image_02496,76
image_01366,51
image_06603,25
image_01529,44
image_06192,19
image_03983,51
image_05160,5
image_04470,90
image_02451,76
image_01044,46
image_07687,97
image_02487,76
image_06797,21
image_04074,12
image_01299,74
image_01564,44
image_02114,75
image_03606,72
image_00556,88
image_06693,79
image_04288,18
image_00244,77
image_02797,56
image_02759,56
image_00881,81
image_03186,65
image_07973,101
image_05454,54
image_05380,22
image_06497,26
image_05702,42
image_06340,50
image_01319,51
image_03309,8
image_03938,51
image_06538,50
image_01050,46
image_01523,44
image_06349,15
image_06132,64
image_00170,77
image_00291,73
image_03923,51
image_03630,72
image_00434,73
image_01248,74
image_02436,43
image_04807,85
image_02471,76
image_05894,63
image_00970,46
image_00419,73
image_03229,65
image_01318,51
image_01613,82
image_04146,29
image_00672,89
image_05585,32
image_02463,76
image_06725,79
image_07657,96
image_07664,96
image_02598,84
image_03486,30
image_06640,3
image_05198,5
image_05708,42
image_04514,71
image_03084,92
image_03956,51
image_07854,99
image_03182,65
image_01730,83
image_00153,77
image_05492,87
image_00478,88
image_03686,53
image_01477,51
image_04846,91
image_07803,98
image_03168,11
image_03497,30
image_06491,26
image_00280,73
image_05527,66
image_01648,82
image_07042,39
image_03943,51
image_05346,22
image_05358,22
image_03728,53
image_00270,73
image_06539,50
image_01847,78
image_01615,82
image_01593,82
image_01128,46
image_08076,31
image_02860,56
image_01724,83
image_07333,94
image_03905,17
image_04773,85
image_07902,100
image_02695,58
image_03957,51
image_02502,76
image_07661,96
image_04916,20
image_02516,76
image_00154,77
image_03149,11
image_04639,48
image_06114,64
image_01843,78
image_01704,83
image_05762,13
image_03547,72
image_06403,9
image_00972,46
image_08039,102
image_06047,93
image_01714,83
image_07080,67
image_04902,20
image_07491,95
image_01649,82
image_04682,48
image_03654,53
image_01145,74
image_07144,45
image_03069,92
image_03896,17
image_04040,12
image_03278,65
image_01378,51
image_04181,52
image_03543,30
image_07025,39
image_05239,28
image_00081,77
image_02979,60
image_05865,63
image_02789,56
image_00342,73
image_07936,100
image_07050,67
image_02015,80
image_02683,58
image_04093,29
image_02862,86
image_07757,98
image_01217,74
image_03909,17
image_05946,68
image_01746,83
image_05508,87
image_05740,42
image_03480,30
image_06574,25
image_05897,63
image_00786,81
image_06605,25
image_04271,18
image_06854,27
image_05032,59
image_02497,76
image_00039,77
image_08050,24
image_05126,2
image_06726,79
image_06116,64
image_07166,6
image_07672,96
image_00848,81
image_08116,93
image_08037,102
image_00336,73
image_06406,9
image_01264,74
image_05661,4
image_03985,51
image_06037,93
image_02566,84
image_03266,65
image_01560,44
image_06837,24
image_07537,95
image_02546,76
image_01281,74
image_03719,53
image_04666,48
image_00043,77
image_01165,74
image_06870,27
image_04430,90
image_08146,57
image_02043,80
image_04856,91
image_06275,61
image_06508,26
image_05075,59
image_03049,92
image_04595,40
image_00194,77
image_02669,58
image_04749,55
image_00215,77
image_01689,82
image_06617,3
image_05463,87
image_00934,81
image_03176,11
image_07458,94
image_07888,99
image_05001,47
image_07370,94
image_05024,59
image_05753,13
image_00427,73
image_01310,74
image_08174,62
image_07332,94
image_01177,74
image_06409,9
image_02837,56
image_03348,8
image_05338,70
image_00008,77
image_07185,6
image_05627,32
image_00430,73
image_00928,81
image_03875,17
image_02754,56
image_02229,41
image_01308,74
image_00480,88
image_02300,41
image_07521,95
image_01859,78
image_00559,88
image_04206,52
image_00785,81
image_06535,50
image_07431,94
image_04307,18
image_07031,39
image_05914,68
image_01869,78
image_03778,37
image_04046,12
image_05963,69
image_07799,98
image_06570,50
image_04089,29
image_04061,12
image_00777,89
image_04746,55
image_06226,49
image_04686,48
image_04703,55
image_00119,77
image_00600,89
image_07280,62
image_00087,77
image_02459,76
image_02613,84
image_05064,59
image_05163,5
image_01808,83
image_01268,74
image_08060,91
image_07002,35
image_07677,96
image_04066,12
image_07132,45
image_03261,65
image_00456,88
image_03929,51
image_04524,71
image_01597,82
image_07423,94
image_04085,29
image_06845,24
image_06674,16
image_06177,19
image_04480,90
image_00629,89
image_05467,87
image_07943,101
image_08075,31
image_05216,28
image_00106,77
image_01079,46
image_03840,17
image_01816,83
image_02442,43
image_04635,48
image_06989,35
image_05797,38
image_02375,43
image_02753,56
image_01074,46
image_00923,81
image_00482,88
image_01164,74
image_07889,99
image_00300,73
image_02277,41
image_01528,44
image_04187,52
image_07391,94
image_04669,48
image_05373,22
image_08158,62
image_02376,43
image_01068,46
image_04951,20
image_01302,74
image_01604,82
image_05761,13
image_02360,43
image_07758,98
image_05394,22
image_02026,80
image_01553,44
image_02638,84
image_07532,95
image_03207,65
image_06299,50
image_03184,65
image_07992,101
image_04000,12
image_01997,80
image_07938,100
image_07256,57
image_02036,80
image_03472,30
image_05734,42
image_02633,84
image_01596,82
image_00926,81
image_06169,19
image_00956,46
image_06540,50
image_04403,90
image_07949,101
image_00663,89
image_05808,38
image_06715,79
image_00497,88
image_05593,32
image_01447,51
image_01188,74
image_00362,73
image_00677,89
image_00145,77
image_02191,41
image_07890,99
image_04580,40
image_06956,34
image_07665,96
image_04965,47
image_02048,80
image_06281,61
image_00807,81
image_06423,9
image_02824,56
image_01663,82
image_02576,84
image_03864,17
image_06436,9
image_02661,58
image_04813,85
image_06190,19
image_01473,51
image_00862,81
image_07006,35
image_02956,60
image_06884,27
image_07623,96
image_04843,91
image_04461,90
image_01396,51
image_00371,73
image_07578,95
image_05754,13
image_06894,31
image_05072,59
image_00035,77
image_05827,38
image_02879,86
image_07617,96
image_06963,34
image_04081,29
image_00140,77
image_01798,83
image_03995,12
image_02650,58
image_03747,37
image_05792,13
image_05706,42
image_03603,72
image_04219,52
image_05207,5
image_07267,57
image_07064,67
image_05010,47
image_00906,81
image_07769,98
image_03979,51
image_04806,85
image_03555,72
image_04568,40
image_04296,18
image_04692,48
image_03625,72
image_00011,77
image_05684,4
image_04513,71
image_06831,24
image_03262,65
image_00575,88
image_03145,11
image_06033,93
image_04130,29
image_04862,91
image_07576,95
image_02962,60
image_05773,13
image_01671,82
image_01538,44
image_02752,58
image_04591,40
image_04458,90
image_06184,19
image_01767,83
image_02415,43
image_02504,76
image_04602,40
image_00613,89
image_01981,80
image_06113,64
image_07754,98
image_02240,41
image_07186,6
image_03595,72
image_04737,55
image_01330,51
image_07794,98
image_04795,85
image_07805,98
image_02690,58
image_01163,74
image_07937,100
image_07957,101
image_04948,20
image_02983,60
image_07887,99
image_07946,101
image_06442,33
image_00887,81
image_01291,74
image_02359,43
image_04935,20
image_04006,12
image_04276,18
image_01097,46
image_04122,29
image_07473,95
image_04208,52
image_06853,27
image_02957,60
image_06770,1
image_01958,78
image_02562,84
image_00380,73
image_08061,91
image_02133,75
image_03323,8
image_06670,16
image_04550,71
image_00464,88
image_06374,15
image_01263,74
image_03242,65
image_07195,6
image_00601,89
image_02881,86
image_04222,52
image_04477,90
image_05240,28
image_03189,65
image_02883,86
image_00814,81
image_01576,44
image_03815,37
image_05213,28
image_03110,11
image_01640,82
image_01577,44
image_06506,26
image_04781,85
image_01692,82
image_02102,75
image_05309,70
image_06390,15
image_04380,36
image_05242,28
image_06398,9
image_00699,89
image_07550,95
image_04774,85
image_00842,81
image_08066,31
image_07323,94
image_05140,2
image_05576,66
image_01448,51
image_04785,85
image_07615,96
image_06455,33
image_08028,102
image_02365,43
image_01839,78
image_02124,75
image_00479,88
image_05610,32
image_06461,33
image_00338,73
image_06747,1
image_02303,41
image_05161,5
image_06359,15
image_00001,77
image_07948,101
image_02172,75
image_00965,46
image_01931,78
image_02704,58
image_04159,52
image_03482,30
image_05600,32
image_06512,26
image_01209,74
image_02626,84
image_07685,97
image_04979,47
image_00089,77
image_07146,45
image_04803,85
image_00026,77
image_08058,91
image_04521,71
image_05884,63
image_06903,31
image_01000,46
image_07516,95
image_07183,6
image_05252,28
image_06943,34
image_05414,54
image_03265,65
image_04299,18
image_05862,63
image_02660,58
image_06827,24
image_05274,28
image_05866,63
image_07385,94
image_05598,32
image_02244,41
image_04867,91
image_00071,77
image_01129,46
image_02924,60
image_02645,58
image_03824,37
image_04581,40
image_06766,1
image_05003,47
image_03878,17
image_04073,12
image_07508,95
image_06938,34
image_07017,39
image_02248,41
image_04486,71
image_05726,42
image_06546,50
image_02123,75
image_04761,55
image_07176,6
image_03910,17
image_06531,50
image_02265,41
image_00737,89
image_03272,65
image_04473,90
image_00709,89
image_00055,77
image_03596,72
image_02241,41
image_05655,4
image_02955,60
image_00865,81
image_06335,50
image_05172,5
image_02100,75
image_04422,90
image_06115,64
image_04277,18
image_06381,15
image_02250,41
image_04832,91
image_01387,51
image_02011,80
image_02190,41
image_00639,89
image_01439,51
image_01919,78
image_03763,37
image_06118,64
image_04459,90
image_06064,14
image_03869,17
image_01043,46
image_03741,37
image_00708,89
image_07882,99
image_03523,30
image_07399,94
image_05580,66
image_05885,63
image_00916,81
image_06549,50
image_00782,81
image_04828,85
image_05060,59
image_01745,83
image_00031,77
image_07735,97
image_06977,35
image_03734,37
image_03557,72
image_06911,31
image_01105,46
image_00764,89
image_06240,49
image_04557,71
image_08023,102
image_03343,8
image_00702,89
image_01230,74
image_04593,40
image_06427,9
image_02050,80
image_01469,51
image_00034,77
image_02121,75
image_00048,77
image_01296,74
image_07980,101
image_03806,37
image_03901,17
image_04518,71
image_00175,77
image_02112,75
image_02474,76
image_01008,46
image_04739,55
image_03132,11
image_02682,58
image_05448,54
image_02684,58
image_02533,76
image_05322,70
image_05532,66
image_02900,86
image_02627,84
image_06481,33
image_08095,10
image_04069,12
image_03100,11
image_02994,60
image_06077,14
image_06474,33
image_03394,23
image_02056,80
image_07767,98
image_06623,3
image_03883,17
image_00873,81
image_02394,43
image_04257,18
image_02383,43
image_05167,5
image_06527,26
image_07327,94
image_03885,17
image_00960,46
image_02286,41
image_04810,85
image_05511,87
image_00185,77
image_02484,76
image_00147,77
image_04402,90
image_03504,30
image_04960,47
image_05096,2
image_00969,46
image_02692,58
image_01440,51
image_06019,93
image_06153,19
image_00438,73
image_06172,19
image_07060,67
image_06054,14
image_06737,1
image_07481,95
image_01324,51
image_06803,21
image_01346,51
image_08106,6
image_01857,78
image_04260,18
image_00355,73
image_07354,94
image_04715,55
image_07406,94
image_00210,77
image_02225,41
image_01594,82
image_07369,94
image_05935,68
image_05147,5
image_07910,100
image_05934,68
image_06286,61
image_04579,40
image_07622,96
image_04833,91
image_02871,86
image_01404,51
image_03423,23
image_00933,81
image_05847,38
image_02397,43
image_00831,81
image_01168,74
image_00369,73
image_05199,5
image_00564,88
image_01651,82
image_04308,18
image_01581,44
image_05269,28
image_03052,92
image_03972,51
image_07291,37
image_07633,96
image_04647,48
image_07350,94
image_04352,36
image_04401,90
image_04053,12
image_07667,96
image_00495,88
image_01147,74
image_00739,89
image_04138,29
image_06400,9
image_00744,89
image_02219,41
image_08048,24
image_07329,94
image_01933,78
image_04644,48
image_04705,55
image_05488,87
image_07308,94
image_07284,89
image_06267,61
image_03703,53
image_05022,59
image_06178,19
image_03891,17
image_07729,97
image_03591,72
image_00284,73
image_01223,74
image_07793,98
image_01200,74
image_07505,95
image_00107,77
image_08189,62
image_06056,14
image_05620,32
image_04799,85
image_04335,36
image_06395,9
image_01315,51
image_04678,48
image_04294,18
image_02309,41
image_07540,95
image_03755,37
image_07236,57
image_06216,49
image_03554,72
image_02424,43
image_07393,94
image_06895,31
image_04886,91
image_05422,54
image_02921,60
image_07626,96
image_03318,8
image_05551,66
image_05308,70
image_06517,26
image_07079,67
image_01918,78
image_06764,1
image_00772,89
image_03709,53
image_01139,46
image_05333,70
image_02449,76
image_06595,25
image_06212,49
image_04738,55
image_02856,56
image_02815,56
image_02421,43
image_02408,43
image_02521,76
image_00236,77
image_00723,89
image_01763,83
image_08074,31
image_06817,24
image_01001,46
image_03013,60
image_00161,77
image_04765,55
image_04435,90
image_05786,13
image_04802,85
image_05899,63
image_06158,19
image_04097,29
image_07305,94
image_06361,15
image_03427,23
image_08099,7
image_02568,84
image_03459,23
image_07694,97
image_05235,28
image_00911,81
image_04824,85
image_05924,68
image_01249,74
image_06916,31
image_04336,36
image_03477,30
image_03673,53
image_02628,84
image_05838,38
image_03573,72
image_02587,84
image_01750,83
image_04822,85
image_07115,10
image_05404,54
image_06002,69
image_03239,65
image_00384,73
image_04463,90
image_07365,94
image_01388,51
image_03170,11
image_01394,51
image_02435,43
image_00287,73
image_01175,74
image_06955,34
image_03821,37
image_05886,63
image_01693,82
image_07960,101
image_03092,92
image_06822,24
image_04874,91
image_06646,3
image_01833,78
image_05806,38
image_00100,77
image_04588,40
image_00401,73
image_02592,84
image_00517,88
image_07838,99
image_06789,21
image_01954,78
image_01723,83
image_02208,41
image_03097,11
image_05837,38
image_03034,92
image_06149,19
image_05444,54
image_02992,60
image_04792,85
image_04654,48
image_00542,88
image_08131,57
image_04940,20
image_06245,49
image_05468,87
image_00853,81
image_07241,57
image_01542,44
image_07182,6
image_01874,78
image_08141,57
image_04759,55
image_03964,51
image_04694,48
image_03811,37
image_03637,72
image_00688,89
image_00508,88
image_03672,53
image_02602,84
image_04725,55
image_08188,62
image_05396,22
image_06991,35
image_00303,73
image_06311,50
image_04411,90
image_02386,43
image_02596,84
image_02595,84
image_07596,96
image_06930,34
image_01625,82
image_02202,41
image_06588,25
image_06545,50
image_00174,77
image_00253,73
image_07669,96
image_00492,88
image_06652,16
image_00953,46
image_04311,18
image_03300,8
image_04429,90
image_06859,27
image_04508,71
image_01952,78
image_06405,9
image_01155,74
image_02558,84
image_01684,82
image_03407,23
image_06372,15
image_01744,83
image_04118,29
image_00859,81
image_05460,87
